{
  "binList": [
    {
      "simplifiedKey": [
        "SinhCustom/d=0,p=0/1,2/1,2",
        "SinhCustom/d=1,p=0/1,2/1,2"
      ],
      "staticKey": "6ea53f6da880a8179848e8d27d9656470fcc75d7d663e87a5ddd49a942d586d5",
      "int64Mode": false,
      "inputs": [
        {
          "name": "x",
          "index": 0,
          "dtype": "float16",
          "format": "ND",
          "paramType": "required",
          "shape": [
            -2
          ]
        }
      ],
      "outputs": [
        {
          "name": "y",
          "index": 0,
          "dtype": "float16",
          "format": "ND",
          "paramType": "required",
          "shape": [
            -2
          ]
        }
      ],
      "binInfo": {
        "jsonFilePath": "ascend910b/sinh_custom/SinhCustom_00b2b0b8ab8f50db439d6cb44263785b.json"
      }
    }
  ]
}