{
  "componentGroups" : {},
  "components" : {},
  "errorOnAbsoluteInstallDestination" : false,
  "formatVersionMajor" : 1,
  "formatVersionMinor" : 0,
  "installationTypes" : {},
  "packageDescriptionFile" : "/home/ma-user/work/cmake-3.28.3-linux-aarch64/share/cmake-3.28/Templates/CPack.GenericDescription.txt",
  "packageDescriptionSummary" : "CPack opp project",
  "packageName" : "opp",
  "packageVersion" : "0.1.1",
  "projects" : 
  [
    {
      "component" : "ALL",
      "components" : [],
      "directory" : "/home/ma-user/work/SinhCustom/SinhCustom/build_out",
      "installationTypes" : [],
      "projectName" : "opp",
      "subDirectory" : "/"
    }
  ],
  "setDestdir" : false,
  "stripFiles" : false,
  "warnOnAbsoluteInstallDestination" : false
}