{
  "op_type": "SinhCustom",
  "op_list": [
    {
      "bin_filename": "SinhCustom_00b2b0b8ab8f50db439d6cb44263785b",
      "inputs": [
        {
          "name": "x",
          "index": 0,
          "dtype": "float16",
          "format": "ND",
          "paramType": "required",
          "shape": [
            -2
          ]
        }
      ],
      "outputs": [
        {
          "name": "y",
          "index": 0,
          "dtype": "float16",
          "format": "ND",
          "paramType": "required",
          "shape": [
            -2
          ]
        }
      ]
    }
  ]
}